train_acc,train_loss,val_acc,val_loss
0.0368842105263158,4.3284917,0.06880000000000001,4.0404797
0.08530526315789475,3.9329646,0.10920000000000002,3.7396982
0.1261263157894737,3.6866732,0.14279999999999998,3.5726635
