train_acc,train_loss,val_acc,val_loss
0.037157894736842105,4.330812,0.0636,4.0483623
0.09027368421052634,3.9384391,0.11559999999999998,3.7408826
0.1270736842105263,3.711927,0.14120000000000002,3.565575
0.1552,3.5182211,0.1732,3.372974
0.18595789473684213,3.3322625,0.20440000000000003,3.2269595
