train_acc,train_loss,val_acc,val_loss
0.030063157894736844,4.319617,0.0528,4.0875506
0.07178947368421053,3.9756398,0.096,3.818075
0.11661052631578948,3.7212012,0.13520000000000001,3.5783968
0.15629473684210526,3.4982114,0.1696,3.3583267
0.18966315789473684,3.3085768,0.2076,3.257564
0.21612631578947367,3.1523752,0.2188,3.159804
0.24029473684210528,3.0287735,0.24240000000000003,2.9928448
0.2599157894736842,2.9238503,0.2528,2.9904575
0.2781052631578948,2.836002,0.28320000000000006,2.8717139
