train_acc,train_loss,val_acc,val_loss
0.030063157894736844,4.319617,0.0528,4.0875506
0.07178947368421053,3.9756398,0.096,3.818075
0.11661052631578948,3.7212012,0.13520000000000001,3.5783968
0.15629473684210526,3.4982114,0.1696,3.3583267
