train_acc,train_loss,val_acc,val_loss
0.03705263157894737,4.3269954,0.06400000000000002,4.0431795
0.08614736842105264,3.9345655,0.1152,3.7383847
